Restitution,Etape,Principe,Paramètre ,Degré_Retenu_P,Sources,Justification_Degré_Retenu_P,Deal-Breaker,Commentaire,source_sheet,source_file,Source,Deal-Breaker (Oui/Non),Commentaires ,Paramètre
Fondation BOTA : Kazakhstan_Etats-Unis_Suiss,E1,transparence (P_T) ,1. modalités d'accès à l'information ,Degré 3,"(1) IREX, & Save the Children. (2015). The BOTA Foundation: Final Summative Report. IREX. https://www.irex.org/sites/default/files/node/resource/bota-foundation-final-report.pdf (2) Memorandum of Understanding, (2007). https://2009-2017.state.gov/documents/organization/108887.pdf (3) Bornstein, A. (2026, February 4). The case of the BOTA Foundation for asset restitution analysis (R. van der Bruggen & S. Brimbeuf, Interviewers) [Personal communication].","Les informations sont publiées en anglais et en russe, sur les sites des gouvernements Suisses et Etatsuniens (1) (2), ainsi que sur le site du gouvernement Kazakh. (3). ",Certains contrats entre des parties prenantes ne sont pas publiés (faire descendre d'un niveau).,,Etape 1,SANS déf_bota_codification (V3 C) copy.xlsx,,,,
Fondation BOTA : Kazakhstan_Etats-Unis_Suiss,E1,transparence (P_T) ,2. usabilité de l'information.,Degré 3,"Memorandum of Understanding, (2007). https://2009-2017.state.gov/documents/organization/108887.pdf","Les informations ne sont pas facilement accessibles, car la restitution est plus ou moins vieille. Il ‘y a pas de site ou rapport permettant de bien comprendre les modalités et le contenu du MOU (Memorandum of Understanding). ",Certains contrats entre des parties prenantes ne sont pas publiés (faire descendre d'un niveau).,,Etape 1,SANS déf_bota_codification (V3 C) copy.xlsx,,,,
Fondation BOTA : Kazakhstan_Etats-Unis_Suiss,E1,transparence (P_T) ,"3. temporalité, fréquence et actualisation des informations publiées",Degré 3,"(1) Memorandum of Understanding, (2007). https://2009-2017.state.gov/documents/organization/108887.pdf (2) Bornstein, A. (2026, February 4). The case of the BOTA Foundation for asset restitution analysis (R. van der Bruggen & S. Brimbeuf, Interviewers) [Personal communication].",Le MOU est publié le lendemain des négociations.,Certains contrats entre des parties prenantes ne sont pas publiés (faire descendre d'un niveau).,,Etape 1,SANS déf_bota_codification (V3 C) copy.xlsx,,,,
Fondation BOTA : Kazakhstan_Etats-Unis_Suiss,E1,redevabilité (P_R),4. planification et formalisation du processus de restitution,Degré 3,"(1) Memorandum of Understanding, (2007). https://2009-2017.state.gov/documents/organization/108887.pdf (2) IREX, & Save the Children. (2015). (2) The BOTA Foundation: Final Summative Report. IREX. https://www.irex.org/sites/default/files/node/resource/bota-foundation-final-report.pdf",a) Objectifs finaux et intermédiaires : Les objectifs finaux sont clairement définis à un niveau général (utilisation d'environ 84 millions de dollars américains au profit des enfants et des jeunes pauvres du Kazakhstan dans le cadre du programme BOTA). Des objectifs parallèles sont des réformes de la gouvernance via plusieurs initiatives. Les objectifs intermédiaires sont définis de manière procédurale : Création de la Fondation BOTA ; Sélection du Conseil de surveillance ; Nomination du responsable du programme ; Adoption du manuel opérationnel ; Rapports semestriels ; Audits annuels ; Rapports d'avancement PFMR et ITIE. b) Les modalités d'évaluation et suivi sont inclus dans les objectifs finaux et intermédiaires. ,,,Etape 1,SANS déf_bota_codification (V3 C) copy.xlsx,,,,
Fondation BOTA : Kazakhstan_Etats-Unis_Suiss,E1,redevabilité (P_R),5. tracabilité financière de la restitution,Degré 3,"(1) Memorandum of Understanding, (2007). https://2009-2017.state.gov/documents/organization/108887.pdf (2) IREX, & Save the Children. (2015). The BOTA Foundation: Final Summative Report. IREX. https://www.irex.org/sites/default/files/node/resource/bota-foundation-final-report.pdf","A travers la fondation BOTA, les fonds sont restitués séparément des budget des Etats.",,,Etape 1,SANS déf_bota_codification (V3 C) copy.xlsx,,,,
Fondation BOTA : Kazakhstan_Etats-Unis_Suiss,E1,redevabilité (P_R),6. répartition des rôles ,Degré 3,"Memorandum of Understanding, (2007). https://2009-2017.state.gov/documents/organization/108887.pdf","a) Les roles des autorités gouvernementales sont définis dans le MOU : Les États-Unis engage la procédure de confiscation, approuve les déblocages et peut suspendre ; la Suisse détient les fonds bloqués, co-approuve les déblocages ; Le Kazakhstan coopère, finance les frais de la Banque mondiale, participe au PFMR/EITI ; La Banque mondiale supervise, contrôle la conformité, prépare les manuels ; La Fondation BOTA met en œuvre le programme ; Les responsable du programme (IREX et Save the Children) seront en charge de la gestion opérationnelle ; LeConseil de surveillance : contrôle de la gouvernance. Le MOU empêche explicitement l’interférence du gouvernement du Kazakhstan avec la Fondation BOTA. b) les étapes auxuelles interviennent les autorités sont définies. c)  les points de contacts sont définis à l'article 7. Les États-Unis = Sous-procureur général adjoint (Division pénale); Suisse  = Chef de la Division de la coopération économique et du développement (SECO) ; Kazakhstan = Premier ministre.",,,Etape 1,SANS déf_bota_codification (V3 C) copy.xlsx,,,,
Fondation BOTA : Kazakhstan_Etats-Unis_Suiss,E1,redevabilité (P_R),7. responsabilité et recours ,Degré 3,"Memorandum of Understanding, (2007). https://2009-2017.state.gov/documents/organization/108887.pdf","Dans le MOU, une réponse aux irrégularités est prévue : la Banque mondiale informe les parties, les parties décident des mesures correctives. Le cas échéant, les gouvernements peuvent demander le remboursement des fonds et le Kazakhstan doit redéposer les fonds si cela est justifié. Des clauses de suspension du transfert en cas d'irrégularités existent également. Le versement des tranches est subordonné à une mise en œuvre satisfaisante. Les États-Unis et la Suisse peuvent s'opposer à tout nouveau versement, et une résiliation possible en cas d’irrégularités. Il n’y a pas de mention des principes GAFAR  ni donc de clauses associées, mais des clauses équivalentes existent",,,Etape 1,SANS déf_bota_codification (V3 C) copy.xlsx,,,,
Fondation BOTA : Kazakhstan_Etats-Unis_Suiss,E1,inclusivité (P_I),8. niveau de détail de l’information publiée,Degré 3,"(1) IREX, & Save the Children. (2015). The BOTA Foundation: Final Summative Report. IREX. https://www.irex.org/sites/default/files/node/resource/bota-foundation-final-report.pdf (2) Memorandum of Understanding, (2007). https://2009-2017.state.gov/documents/organization/108887.pdf","Beaucoup d'informations accessibles sur internet à ce sujet sur les éléments de l’affaire (1) Le cadre juridique applicable est clairement défini, la procédure civile américaine de confiscation ; la stipulation et l'ordonnance (annexe I) ; le traité d'entraide judiciaire (MLAT) ; l'ordonnance de gel suisse ; la loi américaine sur la confiscation (18 U.S.C. § 982), l’ordonnance définitive du tribunal.  Les fonds restent gelés chez Pictet & Cie (Suisse) jusqu'à : l'approbation du tribunal ; la mise en place des programmes requis et la satisfaction de toutes les parties (2). Les modalités de partage et les dépenses sont publiées dans le mémorandum (2). Le calendrier de la restitution est clairement défini, ainsi que les modalités de la création de la Fondation BOTA. La choix et la justification de l'affectation finale des fonds est justifier par un besoin de la population. Les modalités de suivi et d'évaluation sont clairement définis : audits, surveillance par la Banque Mondiale, rapports d'enquêtes, et mécanisme de retour prévu en cas de mauvaise utilisation (2).",,,Etape 1,SANS déf_bota_codification (V3 C) copy.xlsx,,,,
Fondation BOTA : Kazakhstan_Etats-Unis_Suiss,E1,inclusivité (P_I),9. capacité d’action : actualisation des informations ,Degré 2,"Bornstein, A. (2026, February 4). The case of the BOTA Foundation for asset restitution analysis (R. van der Bruggen & S. Brimbeuf, Interviewers) [Personal communication].",La publication pendant la période des négociations n’était pas très régulière. Bornstein a souligné la difficulté de faire une publication totalement transparence car c’est un processus très politique. ,,,Etape 1,SANS déf_bota_codification (V3 C) copy.xlsx,,,,
Fondation BOTA : Kazakhstan_Etats-Unis_Suiss,E1,inclusivité (P_I),10. modalités de participation ,Degré 3,"Bornstein, A. (2026, February 4). The case of the BOTA Foundation for asset restitution analysis (R. van der Bruggen & S. Brimbeuf, Interviewers) [Personal communication].","Bornstein a précisé que là ou les OSC ont été inlues dans la rédaction de la charte de la Fondation et de son fonctionnement, elles n’ont pas fait partie à part entière des négociations qui ont permis de décider des programmes récipiendaires (CCT, TAP, SSP), ni que qui seraient responsable de la gouvernance des fonds (la fondation BOTA). ((1) p.7-8) Donc, les OSC ont effectivement été intégrées à une partie de la phase des négociations, avec la Banque Mondiale, en participant à la rédaction de la charte de la fondation, et comment elle opérait (p.11).",,,Etape 1,SANS déf_bota_codification (V3 C) copy.xlsx,,,,
Fondation BOTA : Kazakhstan_Etats-Unis_Suiss,E1,inclusivité (P_I),11. critères de sélection ,Degré 2,"Bornstein, A. (2026, February 4). The case of the BOTA Foundation for asset restitution analysis (R. van der Bruggen & S. Brimbeuf, Interviewers) [Personal communication].",Les OSC qui ont pu participer à la phase des négociations ont été sélectionnées à la discrétion des gouvernements parties aux négociations ( p.11).,,,Etape 1,SANS déf_bota_codification (V3 C) copy.xlsx,,,,
Fondation BOTA : Kazakhstan_Etats-Unis_Suiss,E2,transparence (P_T) ,1. modalités d'accès à l'information ,Degré 3,,"Les informations étaient publiées de manière centralisées sur le site de la fondation BOTA (bota.kz). Bien que ce site internet est actuellement retiré, faute de financement pour son entretien, Bornstein a confirmé son existence et le contenu des publications, qui étaient publiées en russe, kazakh et anglais. (p. 4).",,,Etape 2,SANS déf_bota_codification (V3 C) copy.xlsx,"Bornstein, A. (2026, February 4). The case of the BOTA Foundation for asset restitution analysis (R. van der Bruggen & S. Brimbeuf, Interviewers) [Personal communication].",,,
Fondation BOTA : Kazakhstan_Etats-Unis_Suiss,E2,transparence (P_T) ,2. niveau de détail de l'information ,Degré 3,,"La traduction du matériel de programmation (accords, documentation relative aux programmes, appels à candidatures, rapports de suivi et d’évaluation) en russe, kazakh et anglais était une condition pour les faire approuver par le Conseil d’administration (P.4, Q14).",,,Etape 2,SANS déf_bota_codification (V3 C) copy.xlsx,"Bornstein, A. (2026, February 4). The case of the BOTA Foundation for asset restitution analysis (R. van der Bruggen & S. Brimbeuf, Interviewers) [Personal communication].","On ne peut pas savoir quelles informations étaient effectivement accessible au moment de la sélection. Dans ce cas, retenir le degré du dessous.",,
Fondation BOTA : Kazakhstan_Etats-Unis_Suiss,E2,transparence (P_T) ,3. délai de fréquence de publication,Degré 3,,"Les informations étaient publiées à temps et actualisées, le long de l’entièreté du processus de restitution. ",,,Etape 2,SANS déf_bota_codification (V3 C) copy.xlsx,"Bornstein, A. (2026, February 4). The case of the BOTA Foundation for asset restitution analysis (R. van der Bruggen & S. Brimbeuf, Interviewers) [Personal communication].","Seules des informations générales sont publiées en temps et en heure, mais la société civile n’est pas tenue au courant des choix effectués pendant le processus, retenir le degré 2. ",,
Fondation BOTA : Kazakhstan_Etats-Unis_Suiss,E2,redevabilité (P_R),4. planification et formalisation du processus de restitution,Degré 2,,"La sélection des programmes d’allocation (CCT, SSP, TAP) s’est effectuée à la discrétion des gouvernements des Etats parties, donc dans les conditions a) et b) des critères de l’indicateur. La Banque Mondiale a cependant fait partie de cette décision (p.8). ",,,Etape 2,SANS déf_bota_codification (V3 C) copy.xlsx,"Bornstein, A. (2026, February 4). The case of the BOTA Foundation for asset restitution analysis (R. van der Bruggen & S. Brimbeuf, Interviewers) [Personal communication].",,,
Fondation BOTA : Kazakhstan_Etats-Unis_Suiss,E2,redevabilité (P_R),5. répartition des rôles de la structure de gouvernance ou des responsables de la gouvernance des fonds ,Degré 3,,"Les acteurs intervenant dans la Fondations  BOTA sont identifiés : Les membres du Conseil d’Administration (""Board of Trustees” ou “Board of Supervisors”) sont connus. Les managers du programmes sont également identifiés. Cinq membres sont issues de la société civile kazakh, étaient tous totalement indépendants du gouvernement Kazakh, de ses responsables et de leurs proches ou partenaires commerciaux. Les deux autres membres du conseil d'administration ont été nommés par les gouvernements américain et suisse. Les responsabilités du Conseil comprennent l'adoption des documents constitutifs, l'approbation du manuel opérationnel et des plans de travail annuels, la sélection du responsable de programme par le biais d'un appel d'offres, ainsi que la supervision des comptes et des procédures d'audit. Les membres du Conseil représentant les gouvernements peuvent être révoqués à tout moment par leur gouvernement respectif, ils ne représentant pas un gouvernement peuvent être révoqués conjointement par les États-Unis et la Suisse. La Banque mondiale agit en tant que superviseur technique indépendant et n'est pas responsable de la mise en œuvre quotidienne du programme. Ses principales missions consistent à aider à la création de la fondation, à élaborer le manuel opérationnel, à examiner et approuver les demandes de déblocage de fonds, à fournir des rapports de supervision semestriels aux gouvernements, à détecter et signaler les irrégularités, ainsi qu'à assurer la formation et le renforcement des capacités de la fondation en matière de gestion financière, de passation de marchés et d'administration des subventions. La Banque mondiale perçoit des honoraires de service du Kazakhstan pour ce travail, d'un montant de 500 000 dollars la première année, puis de 150 000 dollars par an les années suivantes. Le responsable de programme est le moteur opérationnel de la Fondation BOTA, une organisation non gouvernementale internationale réputée, sélectionnée à l'issue d'un appel d'offres ouvert et concurrentiel nécessitant l'approbation unanime du conseil d'administration et des trois gouvernements. Le responsable de programme met en œuvre, administre et gère les opérations quotidiennes du programme BOTA, tient le compte opérationnel sur lequel sont versés les fonds débloqués, effectue les décaissements conformément au manuel opérationnel, soumet les demandes de versements échelonnés aux gouvernements (avec l'accord préalable de la Banque mondiale), et prépare les plans de travail annuels et les rapports financiers. Le responsable de programme sélectionné était IREX. ",,,Etape 2,SANS déf_bota_codification (V3 C) copy.xlsx,"Memorandum of Understanding, (2007). https://2009-2017.state.gov/documents/organization/108887.pdf",,,
Fondation BOTA : Kazakhstan_Etats-Unis_Suiss,E2,redevabilité (P_R),6. compétence et indépendance des responsables de la gouvernance des fonds,Degré 3,,"Les membres du Conseil d’administration ne sont pas désignés suite à un appel d’offre, mais le responsable de programme, IREX, oui (1) . Cette ONG est compétente, indépendante, et les critères pris en compte sont définis et justifiés (2).",,,Etape 2,SANS déf_bota_codification (V3 C) copy.xlsx,"(1) Memorandum of Understanding, (2007). https://2009-2017.state.gov/documents/organization/108887.pdf ; (2) Bornstein, A. (2026, February 4). The case of the BOTA Foundation for asset restitution analysis (R. van der Bruggen & S. Brimbeuf, Interviewers) [Personal communication].",,,
Fondation BOTA : Kazakhstan_Etats-Unis_Suiss,E2,inclusivité (P_I),7. capacité d'action,Degré 0,,"Aucune consultation de la société civile n’a été effectuée dans l’objectif de déterminer les besoins et attentes des populations, et ainsi identifier les priorités de la restitution des fonds (p.6).",,,Etape 2,SANS déf_bota_codification (V3 C) copy.xlsx,"Bornstein, A. (2026, February 4). The case of the BOTA Foundation for asset restitution analysis (R. van der Bruggen & S. Brimbeuf, Interviewers) [Personal communication].",,,
Fondation BOTA : Kazakhstan_Etats-Unis_Suiss,E2,inclusivité (P_I),8. modalités de participation ,Degré 3,,"Le responsable de programme est le moteur opérationnel de la Fondation BOTA, une organisation non gouvernementale internationale réputée, sélectionnée à l'issue d'un appel d'offres ouvert et concurrentiel nécessitant l'approbation unanime du conseil d'administration et des trois gouvernements. Le responsable de programme met en œuvre, administre et gère les opérations quotidiennes du programme BOTA, tient le compte opérationnel sur lequel sont versés les fonds débloqués, effectue les décaissements conformément au manuel opérationnel, soumet les demandes de versements échelonnés aux gouvernements (avec l'accord préalable de la Banque mondiale), et prépare les plans de travail annuels et les rapports financiers. Le responsable de programme sélectionné était IREX, une ONG est compétente, indépendante, et les critères pris en compte sont définis et justifiés.",,,Etape 2,SANS déf_bota_codification (V3 C) copy.xlsx,"(1) Memorandum of Understanding, (2007). https://2009-2017.state.gov/documents/organization/108887.pdf ; (2) Bornstein, A. (2026, February 4). The case of the BOTA Foundation for asset restitution analysis (R. van der Bruggen & S. Brimbeuf, Interviewers) [Personal communication].",,,
Fondation BOTA : Kazakhstan_Etats-Unis_Suiss,E2,inclusivité (P_I),9. sélection des objectifs priorisés et mise en œuvre des programmes d’allocation,Degré 3,,"La thématique de l’éducation répond à un réel besoin de la populations (1). La structure des programmes d’allocation est adaptée au public visé, et prend en compte ses dispositions (2). Les SSPs sont organisés pour pouvoir être adaptées aux petites et grandes organisations, très, peu ou pas expérimentées. Les TAP ont également été accompagnées d’événement de networking et de soutien à la scolarité, avec un suivi des élèves méticuleux. Les CCTs ont été controlés, et un système de recours permettant de signaler les irrégularités ou problèmes de déversement des sommes accordées. ",,,Etape 2,SANS déf_bota_codification (V3 C) copy.xlsx,"(1) IREX, & Save the Children. (2015). The BOTA Foundation: Final Summative Report. IREX. https://www.irex.org/sites/default/files/node/resource/bota-foundation-final-report.pdf ; (2) Bornstein, A. (2026, February 4). The case of the BOTA Foundation for asset restitution analysis (R. van der Bruggen & S. Brimbeuf, Interviewers) [Personal communication]",,,
Fondation BOTA : Kazakhstan_Etats-Unis_Suiss,E3 ,transparence (P_T) ,1. modalités d'accès à l'information ,Degré 3,"(1) IREX, & Save the Children. (2015). The BOTA Foundation: Final Summative Report. IREX. https://www.irex.org/sites/default/files/node/resource/bota-foundation-final-report.pdf ; (2) Bornstein, A. (2026, February 4). The case of the BOTA Foundation for asset restitution analysis (R. van der Bruggen & S. Brimbeuf, Interviewers) [Personal communication].","Les informations étaient publiées de manière centralisées sur le site de la fondation BOTA (bota.kz) (1). Bien que ce site internet est actuellement retiré, faute de financement pour son entretien, Bornstein a confirmé son existence et le contenu des publications, qui étaient publiées en russe, kazakh et anglais. ((1)p. 4).",,,Etape 3,SANS déf_bota_codification (V3 C) copy.xlsx,,,,
Fondation BOTA : Kazakhstan_Etats-Unis_Suiss,E3 ,transparence (P_T) ,2. niveau de détail de l'information ,Degré 3,"(1) Bornstein, A. (2026, February 4). The case of the BOTA Foundation for asset restitution analysis (R. van der Bruggen & S. Brimbeuf, Interviewers) [Personal communication] ; (2) Merttens, F., MacAuslan, I., & Marzi, M. (2014). Evaluating the BOTA Foundation’s social sector programmes in Kazakhstan. Opml.co.uk; Oxford Policy Management. https://www.opml.co.uk/projects/evaluating-bota-foundation-social-sector-programmes-kazakhstan","Les informations publiées sur le site de la fondation BOTA (bota.kz) incluaient ((1)p. 4) : Informations sur les programmes et dossiers de candidature ; Communiqués de presse ; actualités sur les programmes ; Le magazine mensuel (BOTAzhan), qui présentait les dernières actualités sur les programmes ; Rapports d’évaluation/audits ; Noms des bénéficiaires. Par ailleurs, sur les CCT, Oxford Policy Management a mené une évaluation d'impact rigoureuse sous la forme d'un essai contrôlé randomisé, comprenant une enquête de référence réalisée en 2011 et un suivi portant sur près de 2 300 ménages et 350 établissements préscolaires (2).",,,Etape 3,SANS déf_bota_codification (V3 C) copy.xlsx,,,,
Fondation BOTA : Kazakhstan_Etats-Unis_Suiss,E3,transparence (P_T) ,"3. temporalité, fréquence et actualisation des informations publiées",Degré 3,"(1) Bornstein, A. (2026, February 4). The case of the BOTA Foundation for asset restitution analysis (R. van der Bruggen & S. Brimbeuf, Interviewers) [Personal communication] ; (2) Merttens, F., MacAuslan, I., & Marzi, M. (2014). Evaluating the BOTA Foundation’s social sector programmes in Kazakhstan. Opml.co.uk; Oxford Policy Management. https://www.opml.co.uk/projects/evaluating-bota-foundation-social-sector-programmes-kazakhstan","La publication des documents étaient consistante tout au long du processus de restitution sur le site officiel de BOTA (bota.kz), comme l’a confirmé Bornstein (1). Par ailleurs, sur les CCT, Oxford Policy Management a mené une évaluation d'impact rigoureuse sous la forme d'un essai contrôlé randomisé, comprenant une enquête de référence réalisée en 2011 et un suivi portant sur près de 2 300 ménages et 350 établissements préscolaires (2).",,,Etape 3,SANS déf_bota_codification (V3 C) copy.xlsx,,,,
Fondation BOTA : Kazakhstan_Etats-Unis_Suiss,E3,redevabilité (P_R),4. planification et formalisation du processus de restitution,Degré 3,"IREX, & Save the Children. (2015). The BOTA Foundation: Final Summative Report. IREX. https://www.irex.org/sites/default/files/node/resource/bota-foundation-final-report.pdf","Pour les SSP : le rapport final de la fondation BOTA cite (traduit de l'anglais) (rapport de l’IREX p.4) ""Une structure de subventions à plusieurs niveaux a été mise en place afin de permettre aux organisations peu ou pas expérimentées de recevoir de petites subventions (jusqu'à 2 000 dollars) pour la planification et la mobilisation communautaire, et aux ONG très expérimentées de recevoir des subventions importantes (jusqu'à 50 000 dollars) pour reproduire des projets couronnés de succès, former d'autres ONG ou œuvrer à l'amélioration du cadre d'aide sociale au Kazakhstan. Près des trois quarts des subventions ont été accordées à des organisations de petite et moyenne taille pour la fourniture de services sociaux. Entre 2009 et 2014, le SSP a mené huit cycles de subventions et financé 632 projets”. Pour les CCT : appels d'offre ouverts, avec des critères bien définis en fonction des catégories d'aides du programme (p. 14-15 rapport IREX). Pour les TAP : (p. 35 du rapport de l'IREX). Appel d'offre de bourse ouvert à tous les étudiants Kazakh au lycée ou à l'université, basée sur le mérite. offre 1 an de bourse avec possibilité de renouvellement.",,,Etape 3,SANS déf_bota_codification (V3 C) copy.xlsx,,,,
Fondation BOTA : Kazakhstan_Etats-Unis_Suiss,E3,redevabilité (P_R),5. répartition des rôles ,Degré 3,"(1) Bornstein, A. (2016). The BOTA Foundation: A Model for the Safe Return of Stolen Assets? In ccprcentre.org. PtP Project. https://ccprcentre.org/files/media/PtP_Bota-Foundation-Case-Study_Bornstein.pdf ; (2) IREX, & Save the Children. (2015). The BOTA Foundation: Final Summative Report. IREX. https://www.irex.org/sites/default/files/node/resource/bota-foundation-final-report.pdf","Sont identifiés nominativement les membres du Conseil d'administration de BOTA (1) “Les noms et les courtes biographies des membres du Conseil d'administration (BoT) de BOTA ont été publiés sur le site web de la fondation. Des informations sur les modalités de sélection des membres du Conseil étaient disponibles dans la section FAQ du site web, tout comme les décisions prises par le Conseil à l'issue de ses réunions. Ces informations étaient accessibles de 2009 à 2014”. Le manager de BOTA a été sélectionné à travers un appel d'offre compétitif, et IREX fut sélectionné en coopération avec Save the Children(1) (2). La Banque Mondiale aurait joué un rôle important dans la rédaction du cahier des charges pour le dossier d'appel d'offres visant à sélectionner un responsable de programme (PM) pour la fondation, puis organisation de la procédure d'appel d'offres et sélection d'IREX/Save the Children pour occuper ce poste (1). La selection des Conditional Cash Transfers (CCT) s'est établie à travers des ""proxy mean tests"" (PMT) fournis par Save the Children. Le programme de service sociaux (SSP) a sélectionné des ONG qui pouvaient recevoir des fonds à travers des appels à projets, dirigés par un comité d'évaluation interne à BOTA (dirigé par IREX). La sélection des bénéficiaires des assistances aux bourses d'études (TAP) a été réalisée en interne par le personnel du département TAP sous la direction d'IREX, l'outil PMT (développé par Save the Children) étant utilisé pour vérifier l'éligibilité financière.",,,Etape 3,SANS déf_bota_codification (V3 C) copy.xlsx,,,,
Fondation BOTA : Kazakhstan_Etats-Unis_Suiss,E3,redevabilité (P_R),6. responsabilité et recours ,Degré 3,"(1) IREX, & Save the Children. (2015). The BOTA Foundation: Final Summative Report. IREX. https://www.irex.org/sites/default/files/node/resource/bota-foundation-final-report.pdf ; (2) Bornstein, A. (2016). The BOTA Foundation: A Model for the Safe Return of Stolen Assets? In ccprcentre.org. PtP Project. https://ccprcentre.org/files/media/PtP_Bota-Foundation-Case-Study_Bornstein.pdf ; (3) Memorandum of Understanding, (2007). https://2009-2017.state.gov/documents/organization/108887.pdf","Dans le cadre du SSP, une procédure de retour d'expérience a été mise en place pour les candidats non retenus, ainsi qu'un nouveau processus visant à adapter le suivi des bénéficiaires en fonction des niveaux de risque. C'est ce qui se rapproche le plus d'un mécanisme de recours, mais il ne s'agit pas d'un droit formel de contester une décision d'attribution (1). La Banque mondiale et le Conseil d'administration de la Fondation devaient approuver toutes les décisions importantes, mais des fonctionnaires suisses, américains et kazakhs devaient également donner leur accord écrit. Afin de contrôler étroitement les fonds de la BOTA, la Fondation recevait des financements tous les six mois, sur la base de rapports d'avancement, conformément à un budget et à un plan de travail approuvés par le conseil d'administration de la BOTA, la Banque mondiale et les trois gouvernements. ((2) p. 22). Le protocole d'accord stipule : “Ni les fonds ni aucun bien de la Fondation BOTA ne doivent être utilisés pour effectuer des paiements ou accorder d'autres avantages, directement ou indirectement, […] au gouvernement de la République du Kazakhstan, à ses fonctionnaires ou à leurs associés personnels ou professionnels.” (Protocole d'accord, article 2.6). Le déblocage des fonds est subordonné au programme BOTA, au programme d’examen de la gestion des finances publiques (PFMR) (visant à améliorer le plan stratégique pour renforcer la gestion des finances publiques au Kazakhstan) et au programme de l’Initiative pour la transparence dans les industries extractives (ITIE) (visant à accroître la transparence des paiements et des recettes des industries extractives opérant au Kazakhstan) (3).",,,Etape 3,SANS déf_bota_codification (V3 C) copy.xlsx,,,,
Fondation BOTA : Kazakhstan_Etats-Unis_Suiss,E3,inclusivité (P_I),7. capacité d'action,Degré 3,"Bornstein, A. (2026, February 4). The case of the BOTA Foundation for asset restitution analysis (R. van der Bruggen & S. Brimbeuf, Interviewers) [Personal communication].","Toutes les informations suivantes étaient accessibles au public :les critères et procédures de sélection ; les bénéficiaires (personnes physiques/morales) ; et la répartition des fonds (qui a reçu quoi). Selon Bornstein : “Avant chaque cycle de subventions, nous avons organisé des ateliers de sensibilisation à l'intention des ONG afin d'expliquer le principe du cycle, les types de subventions disponibles, les critères de sélection, etc. Nous avons cherché à faire largement connaître le programme de bourses TAP dans les provinces où il était en vigueur. Le CCT a également organisé des séances publiques de sensibilisation et d'inscription. La liste de tous les bénéficiaires des programmes TAP et SSP était disponible sur notre site web.” ( p. 5).",,,Etape 3,SANS déf_bota_codification (V3 C) copy.xlsx,,,,
Fondation BOTA : Kazakhstan_Etats-Unis_Suiss,E3,inclusivité (P_I),8. modalités de participation ,Degré 3,"(1) IREX, & Save the Children. (2015). The BOTA Foundation: Final Summative Report. IREX. https://www.irex.org/sites/default/files/node/resource/bota-foundation-final-report.pdf ; (2) Bornstein, A. (2026, February 4). The case of the BOTA Foundation for asset restitution analysis (R. van der Bruggen & S. Brimbeuf, Interviewers) [Personal communication]. ","Les modalités se participation des SSPs étaient permettaient aux petites et grandes OSC de participer, selon des modalités adaptées à leur capacités. La participation aux CCT était adaptée aux populations, avec des extensions de temps de candidature pour les femmes enceintes notamment (1). Enfin, le programme TAP permettait aux étudiants d’aller dans toutes les universités qu’ils voulaient, peu importe la taille, le prix ou le prestige, et était personnalisé pour chaque étudiant, qui était suivi par un bénévole. Non seulement leur candidature était inclusive, mais tous les efforts nécessaires ont été mis en oeuvre pour permettre aux étudiants d’avoir les plus grandes chances de réussir après (networking, ateliers, etc.). Les programmes ont été adaptés pour qu’ils puissent être durables, et fournir des effets long terms sur les populations bénéficiaires ((2) p.9). ",,,Etape 3,SANS déf_bota_codification (V3 C) copy.xlsx,,,,
Fondation BOTA : Kazakhstan_Etats-Unis_Suiss,E3,inclusivité (P_I),9. pertinence des entités récipiendaires sélectionnées,Degré 3,"IREX, & Save the Children. (2015). The BOTA Foundation: Final Summative Report. IREX. https://www.irex.org/sites/default/files/node/resource/bota-foundation-final-report.pdf ; Balasubramanian, S., & Pacheco, C. (2015). Achieving Development Impact with an Inclusive Asset-Return Model: The Case of the BOTA Foundation in Kazakhstan. IREX. https://www.irex.org/sites/default/files/node/resource/bota-case-study_0.pdf` ; O’Brien, C. (2016). The impact of the BOTA foundation’s conditional cash transfer programme for pre-school children in Kazakhstan. In ilcid.org. International Policy Centre for Inclusive Growth. https://ipcid.org/sites/default/files/pub/en/OP314_The_impact_of_the_BOTA_foundation_s_conditional_cash_transfer_programme_for_pre_school_children_in_kazakhstan.pdf","Oui, et les rapports de suivi et d’évaluation en témoignent. ",,,Etape 3,SANS déf_bota_codification (V3 C) copy.xlsx,,,,
Fondation BOTA : Kazakhstan_Etats-Unis_Suiss,E4,transparence (P_T) ,,Degré 3,"(1) Stolen Asset Recovery Initiative. (2021). U.S. v. Approximately $84 Million on deposit in Account No. 4025 in the Name of the Treasury of the Ministry of Finance of the Republic of Kazakhstan. Star.worldbank.org; World Bank. https://star.worldbank.org/asset-recovery-watch-database/us-v-approximately-84-million-deposit-account-no-4025-name-treasury ; (2) Oxford Policy Management. (2015, January 27). External Evaluation of BOTA Programmes: The Impact of BOTA’s Conditional Cash Transfer (CCT) Programme 2011-2012. Worldbank.org; World Bank. https://microdata.worldbank.org/index.php/catalog/2218 ; (3) IREX, & Save the Children. (2015). The BOTA Foundation: Final Summative Report. IREX. https://www.irex.org/sites/default/files/node/resource/bota-foundation-final-report.pdf ; (4) Balasubramanian, S., & Pacheco, C. (2015). Achieving Development Impact with an Inclusive Asset-Return Model: The Case of the BOTA Foundation in Kazakhstan. IREX. https://www.irex.org/sites/default/files/node/resource/bota-case-study_0.pdf ; (5) O’Brien, C. (2016). The impact of the BOTA foundation’s conditional cash transfer programme for pre-school children in Kazakhstan. In ilcid.org. International Policy Centre for Inclusive Growth. https://ipcid.org/sites/default/files/pub/en/OP314_The_impact_of_the_BOTA_foundation_s_conditional_cash_transfer_programme_for_pre_school_children_in_kazakhstan.pdf ; (6) Bornstein, A. (2026, February 4). The case of the BOTA Foundation for asset restitution analysis (R. van der Bruggen & S. Brimbeuf, Interviewers) [Personal communication].","Toutes les informations concernant le suivi de la mise en oeuvre des programmes d’allocation et l’évaluation de la restitution ont été publiées sur le site de la fondation BOTA en ligne de manière centralisée, en temps et en heure, en anglais, russe et kazakh. ",,,Etape 4,SANS déf_bota_codification (V3 C) copy.xlsx,,,,1. modalités d'accès à l'information 
Fondation BOTA : Kazakhstan_Etats-Unis_Suiss,E4,transparence (P_T) ,,Degré 3,"(1) Stolen Asset Recovery Initiative. (2021). U.S. v. Approximately $84 Million on deposit in Account No. 4025 in the Name of the Treasury of the Ministry of Finance of the Republic of Kazakhstan. Star.worldbank.org; World Bank. https://star.worldbank.org/asset-recovery-watch-database/us-v-approximately-84-million-deposit-account-no-4025-name-treasury ; (2) Oxford Policy Management. (2015, January 27). External Evaluation of BOTA Programmes: The Impact of BOTA’s Conditional Cash Transfer (CCT) Programme 2011-2012. Worldbank.org; World Bank. https://microdata.worldbank.org/index.php/catalog/2218 ; (3) IREX, & Save the Children. (2015). The BOTA Foundation: Final Summative Report. IREX. https://www.irex.org/sites/default/files/node/resource/bota-foundation-final-report.pdf ; (4) Balasubramanian, S., & Pacheco, C. (2015). Achieving Development Impact with an Inclusive Asset-Return Model: The Case of the BOTA Foundation in Kazakhstan. IREX. https://www.irex.org/sites/default/files/node/resource/bota-case-study_0.pdf ; (5) O’Brien, C. (2016). The impact of the BOTA foundation’s conditional cash transfer programme for pre-school children in Kazakhstan. In ilcid.org. International Policy Centre for Inclusive Growth. https://ipcid.org/sites/default/files/pub/en/OP314_The_impact_of_the_BOTA_foundation_s_conditional_cash_transfer_programme_for_pre_school_children_in_kazakhstan.pdf ; (6) Bornstein, A. (2026, February 4). The case of the BOTA Foundation for asset restitution analysis (R. van der Bruggen & S. Brimbeuf, Interviewers) [Personal communication].","Oui, toutes ces information étaient publiées sur le site de la fondation BOTA en ligne de manière centralisée, en temps et en heure, en anglais, russe et Kazakh. ",,,Etape 4,SANS déf_bota_codification (V3 C) copy.xlsx,,,,2. niveau de détail de l'information 
Fondation BOTA : Kazakhstan_Etats-Unis_Suiss,E4,transparence (P_T) ,,Degré 3,"(1) Stolen Asset Recovery Initiative. (2021). U.S. v. Approximately $84 Million on deposit in Account No. 4025 in the Name of the Treasury of the Ministry of Finance of the Republic of Kazakhstan. Star.worldbank.org; World Bank. https://star.worldbank.org/asset-recovery-watch-database/us-v-approximately-84-million-deposit-account-no-4025-name-treasury ; (2) Oxford Policy Management. (2015, January 27). External Evaluation of BOTA Programmes: The Impact of BOTA’s Conditional Cash Transfer (CCT) Programme 2011-2012. Worldbank.org; World Bank. https://microdata.worldbank.org/index.php/catalog/2218 ; (3) IREX, & Save the Children. (2015). The BOTA Foundation: Final Summative Report. IREX. https://www.irex.org/sites/default/files/node/resource/bota-foundation-final-report.pdf ; (4) Balasubramanian, S., & Pacheco, C. (2015). Achieving Development Impact with an Inclusive Asset-Return Model: The Case of the BOTA Foundation in Kazakhstan. IREX. https://www.irex.org/sites/default/files/node/resource/bota-case-study_0.pdf ; (5) O’Brien, C. (2016). The impact of the BOTA foundation’s conditional cash transfer programme for pre-school children in Kazakhstan. In ilcid.org. International Policy Centre for Inclusive Growth. https://ipcid.org/sites/default/files/pub/en/OP314_The_impact_of_the_BOTA_foundation_s_conditional_cash_transfer_programme_for_pre_school_children_in_kazakhstan.pdf ; (6) Bornstein, A. (2026, February 4). The case of the BOTA Foundation for asset restitution analysis (R. van der Bruggen & S. Brimbeuf, Interviewers) [Personal communication].","Toutes les informations concernant le suivi de la mise en oeuvre des programmes d’allocation et l’évaluation de la restitution ont été publiées sur le site de la fondation BOTA en ligne de manière centralisée, en temps et en heure, en anglais, russe et Kazakh.",,,Etape 4,SANS déf_bota_codification (V3 C) copy.xlsx,,,,"3. temporalité, fréquence et actualisation des informations publiées"
Fondation BOTA : Kazakhstan_Etats-Unis_Suiss,E4,redevabilité (P_R),,Degré 3 ,"IREX, & Save the Children. (2015). The BOTA Foundation: Final Summative Report. IREX. https://www.irex.org/sites/default/files/node/resource/bota-foundation-final-report.pdf ; World Bank. (2015). Final Supervision Report of the BOTA Foundation. In justice.gov. ; World Bank. https://www.justice.gov/archives/opa/file/798311/dl ((P. 5, Fraude et Corruption) ; Merttens, F., MacAuslan, I., & Marzi, M. (2014). Evaluating the BOTA Foundation’s social sector programmes in Kazakhstan. Opml.co.uk; Oxford Policy Management. https://www.opml.co.uk/projects/evaluating-bota-foundation-social-sector-programmes-kazakhstan ; Oxford Policy Management. (2015, January 27). External Evaluation of BOTA Programmes: The Impact of BOTA’s Conditional Cash Transfer (CCT) Programme 2011-2012. Worldbank.org; World Bank. https://microdata.worldbank.org/index.php/catalog/2218","Qualitatif et quantitatif. Département Monitoring et Evaluation, présidé par un membre de l’IREX. Construction d’un système d'information de gestion (MIS) robuste pour mieux agréger, stocker et analyser les données, et à renforcer les capacités du département Monitoring and Evaluation de BOTA (1 IREX). OPI a mis en place un cadre de suivi des résultats (RMF). Il comprenait des objectifs, des indicateurs pour mesurer les progrès vers chaque objectif, et des cibles établies que BOTA devait accomplir d'ici fin 2014. Il y avait 41 indicateurs couvrant la majorité des programmes. Le cadre était examiné chaque année, ce qui entraînait la redéfinition de certains objectifs ou méthodologies de collecte de donnée, validées oar la Banque Mondiale. Pour les CCT : Les systèmes d’information de gestion (MIS) ont été mis en place pour les CCTs, sur l'enrôlement des bénéficiaires, le respect des conditions, et les transferts de fonds via cartes bancaires. Suivi mensuel des budgets des programmes par IREX, suivi des bénéficiaires CCT par des volontaires. Pour les CCT et SSP : ils ont cherché à comprendre qui ont été les bénéficiaires, si il y a eu des changements de situation grace au programme, afin d'évaluer l'efficacité de ceux ci. L'efficacité des programmes a été évaluée.",,,Etape 4,SANS déf_bota_codification (V3 C) copy.xlsx,,,,4. planification et formalisation du suivi et de l'évaluation interne
Fondation BOTA : Kazakhstan_Etats-Unis_Suiss,E4,redevabilité (P_R),,Degré 2,"1) IREX, & Save the Children. (2015). The BOTA Foundation: Final Summative Report. IREX. https://www.irex.org/sites/default/files/node/resource/bota-foundation-final-report.pdf ; World Bank. (2015). Final Supervision Report of the BOTA Foundation. In justice.gov. ; (2) World Bank. https://www.justice.gov/archives/opa/file/798311/dl ((P. 5, Fraude et Corruption) ; (3) Merttens, F., MacAuslan, I., & Marzi, M. (2014). Evaluating the BOTA Foundation’s social sector programmes in Kazakhstan. Opml.co.uk; Oxford Policy Management. https://www.opml.co.uk/projects/evaluating-bota-foundation-social-sector-programmes-kazakhstan ; (4) Oxford Policy Management. (2015, January 27). External Evaluation of BOTA Programmes: The Impact of BOTA’s Conditional Cash Transfer (CCT) Programme 2011-2012. Worldbank.org; World Bank. https://microdata.worldbank.org/index.php/catalog/2218","Pas qualitatif et quantitatif pour tous les programmes. BDO Kazakhstan Audit a réalisé cinq audits annuels des états financiers de BOTA, à partir de 2009). Ils ont donné leurs opinions sans réserve, sans identification d'anomalies financières importante. Et dans tous les cas où les auditeurs ont formulé des recommandations pour améliorer les systèmes internes de la Fondation, celles-ci ont été entièrement suivies et vérifiées l'année suivante. Ces audits ont été publiés sur le site de la fondation FOTA (IREX (1) + BM (2) ). La Banque Mondiale faisait aussi des visites semestrielles et venait vérifier les registres comptables du programme sur une base semestrielle, de 2010 à 2014. Aucun problème majeur n'a été identifié, et les recommandations de la Banque mondiale ont été acceptées et mises en œuvre. Elle produisait aussi des conseils et orientations suite à son assistance aux réunion. Tous ses rapports ont été publiés sur le site de la fondation BOTA. OPM a réalisé une évaluation indépendante de l'efficacité et de l'efficience des programmes de BOTA. Le CCT a fait l'objet de deux types d'évaluations : une évaluation d'impact et une évaluation qualitative, tandis que le TAP et le SSP n'ont fait l'objet que d'évaluations qualitatives. Toutes les évaluations ont été conduites deux fois, en 2011 et 2012. L'évaluation d'impact quantitative du CCT a été réalisée selon les normes scientifiques les plus élevées, incluant le choix de zones de contrôle (où le CCT n'était pas offert) et de zones de traitement (où il l'était), et la conduite d'une enquête de base et de suivi.",,,Etape 4,SANS déf_bota_codification (V3 C) copy.xlsx,,,,5. planification et formalisation du suivi et de l’évaluation externe
Fondation BOTA : Kazakhstan_Etats-Unis_Suiss,E4,redevabilité (P_R),,Degré 3 ,"IREX, & Save the Children. (2015). The BOTA Foundation: Final Summative Report. IREX. https://www.irex.org/sites/default/files/node/resource/bota-foundation-final-report.pdf ; Bornstein, A. (2026, February 4). The case of the BOTA Foundation for asset restitution analysis (R. van der Bruggen & S. Brimbeuf, Interviewers) [Personal communication].","Suivi internes menées par IREX suite à un appel d'offre. Suivi externe par BDO Kazakhstan (5 audits annuels). Suivi également par le Banque Mondiale (audit semi-annules) de 2009 à 2014. Evaluation par Oxford Policy Management (OMP), également sélectionnée suite à un appel d’offres mise en place d'un cadre de surveillance robuste (RMF) ayant développé 41 indicateurs couvrant l'ensemble des programmes, collectionnant les données et réévaluant les objectifs.",,,Etape 4,SANS déf_bota_codification (V3 C) copy.xlsx,,,,6. répartition des rôles 
Fondation BOTA : Kazakhstan_Etats-Unis_Suiss,E4,redevabilité (P_R),,Degré 3 ,"(1) IREX, & Save the Children. (2015). The BOTA Foundation: Final Summative Report. IREX. https://www.irex.org/sites/default/files/node/resource/bota-foundation-final-report.pdf ; (2) Balasubramanian, S., & Pacheco, C. (2015). Achieving Development Impact with an Inclusive Asset-Return Model: The Case of the BOTA Foundation in Kazakhstan. IREX. https://www.irex.org/sites/default/files/node/resource/bota-case-study_0.pdf ; (3) (P. 5, Fraude et Corruption) World Bank. (2015). Final Supervision Report of the BOTA Foundation. In justice.gov. World Bank. https://www.justice.gov/archives/opa/file/798311/dl","Le protocole d'accord stipule : « Ni les fonds ni aucun bien de la Fondation BOTA ne doivent être utilisés pour effectuer des paiements ou accorder d'autres avantages, directement ou indirectement, […] au gouvernement de la République du Kazakhstan, à ses fonctionnaires ou à leurs associés personnels ou professionnels. » (Protocole d'accord, article 2.6) ; Le déblocage des fonds est subordonné au programme Bota, au programme d’examen de la gestion des finances publiques (PFMR) (visant à améliorer le plan stratégique pour renforcer la gestion des finances publiques au Kazakhstan) et au programme de l’Initiative pour la transparence dans les industries extractives (ITIE) (visant à accroître la transparence des paiements et des recettes des industries extractives opérant au Kazakhstan). Responsabilité et recevabilité des employés de BOTA : IREX et BOTA ont développé les éléments suivants pour assurer l'intégrité des opérations, un manuel financier complet décrivant toutes les procédures financières et un code de conduite pour le personnel BOTA, les partenaires, les bénéficiaires et les fournisseurs. Des procédures internes dans les programmes et les opérations ont été mise en oeuvre pour minimiser les risques de fraude et maximiser la prévention des problèmes. Des budgets de programme et d'opérations examinés mensuellement avec identification et résolution de toutes les irrégularités ont été également instaurés, avec des exigences de reporting externe pour le Conseil d'administration, IREX et la Banque mondiale, et une séparation claire des tâches pour prévenir tout conflit d’intérêts. Avant tout recrutement, il était important d'établir que chaque employé n'avait aucun conflit d'intérêts, notamment aucun lien avec le gouvernement du Kazakhstan et aucun membre de la famille déjà employé chez BOTA, et des formulaires étaient signés à cet effet. Toutes les relations avec les fournisseurs étaient examinées pour s'assurer de l'absence de conflit d’intérêts. Des sanctions sont prévues en cas d’irrégularité ou non respect des règles. Un système multipoid est effectivement mis en oeuvre: OPM contracté par BOTA pour réaliser une évaluation indépendante de l'efficacité et de l'efficience des programmes de BOTA (pour les CCT, qualitatif et quantitatif) ; Supervision de la Banque Mondiale ; BDO KazakhstanAudit à partir de 2009 qui a réalisé cinq audits annuels complets des états financiers de BOTA.",,,Etape 4,SANS déf_bota_codification (V3 C) copy.xlsx,,,,7. responsabilité et redevabilité 
Fondation BOTA : Kazakhstan_Etats-Unis_Suiss,E4,redevabilité (P_R),,Degré 3 ,"(1) IREX, & Save the Children. (2015). The BOTA Foundation: Final Summative Report. IREX. https://www.irex.org/sites/default/files/node/resource/bota-foundation-final-report.pdf ; (2) Balasubramanian, S., & Pacheco, C. (2015). Achieving Development Impact with an Inclusive Asset-Return Model: The Case of the BOTA Foundation in Kazakhstan. IREX. https://www.irex.org/sites/default/files/node/resource/bota-case-study_0.pdf ; (3) World Bank. (2015). Final Supervision Report of the BOTA Foundation. In justice.gov. World Bank. https://www.justice.gov/archives/opa/file/798311/dl (P. 5, Fraude et Corruption). ","Il y avait un mécanisme de signalement propre au CCT : recours et plaintes a été mis en place via des hotlines et à travers des volontaires. Un système de vérification anti-fraude a également été mis en place, qui entrainait la suspension du transfert comme sanction automatique si les conditions n’étaient pas respectées par les bénéficiaires. Pour les SSP, les procédures d'examen des subventions du SSP ont été examinées, avec un débriefing pour les candidats non retenus. Plusieurs irrégularités ont pu être observés : certains étudiants du TAP qui auraient dû être retirés du programme ont été autorisés à y rester, un bénéficiaire de subvention SSP à Kyzylorda a détourné environ 10 000 dollars, et plusieurs membres du personnel CCT à Kyzylorda ont créé de faux ménages et ont retiré les paiements aux bénéficiaires pour un montant total d'environ 171 000 dollars. Au moment de la fermeture de la Fondation en décembre 2014, tous les fonds détournés avaient été intégralement remboursés.",,,Etape 4,SANS déf_bota_codification (V3 C) copy.xlsx,,,,8. responsabilité et recours 
Fondation BOTA : Kazakhstan_Etats-Unis_Suiss,E4,inclusivité (P_I),,Degré 3 ,"IREX, & Save the Children. (2015). The BOTA Foundation: Final Summative Report. IREX. https://www.irex.org/sites/default/files/node/resource/bota-foundation-final-report.pdf ; World Bank. (2015). Final Supervision Report of the BOTA Foundation. In justice.gov. ; World Bank. https://www.justice.gov/archives/opa/file/798311/dl ((P. 5, Fraude et Corruption) ; Merttens, F., MacAuslan, I., & Marzi, M. (2014). Evaluating the BOTA Foundation’s social sector programmes in Kazakhstan. Opml.co.uk; Oxford Policy Management. https://www.opml.co.uk/projects/evaluating-bota-foundation-social-sector-programmes-kazakhstan ; Oxford Policy Management. (2015, January 27). External Evaluation of BOTA Programmes: The Impact of BOTA’s Conditional Cash Transfer (CCT) Programme 2011-2012. Worldbank.org; World Bank. https://microdata.worldbank.org/index.php/catalog/2218","L’ensemble des documentations relatives au suivi et à l’évaluation, interne et externe, de la restitution, ont été publiés en temps et en heure, et rendues accessibles pour la société civile. Elle disposait donc que l’ensemble des informations nécéssaire pour signaler toutes irrégularités potentielles.",,,Etape 4,SANS déf_bota_codification (V3 C) copy.xlsx,,,,9. capacité d'action
Fondation BOTA : Kazakhstan_Etats-Unis_Suiss,E4,inclusivité (P_I),,Degré 1,"IREX, & Save the Children. (2015). The BOTA Foundation: Final Summative Report. IREX. https://www.irex.org/sites/default/files/node/resource/bota-foundation-final-report.pdf","Les seuls mécanismes de signalement sont internes et efficaces (voir p. 54 du Rapport IREX sur les cas de fraude). Pas de mécanisme officiel mais le dernier audit semi-annuel de la Banque Mondiale souligne que ""les informations d'autres collègues ont été remontées au management"", ce qui a permis de relever des irrégularités internes. (p.5). Par ailleurs, le rapport de l'IREX (p. 10) mentionne l'existence de procédures internes et opérations mises en place ""pour minimiser les chances de fraud et maximiser la prévention des problèmes"". Cependant, aucun dispositifs n’a été mis en place permettant à la société civile d'effectuer des réclamations ou des signalements. MAIS : mise en place d'un système permettant aux bénéficiaires de se plaindre (retards de payement, soutien dans les démarches à suivre) (p. 18 IREX Report).",,,Etape 4,SANS déf_bota_codification (V3 C) copy.xlsx,,,,10. modalités de participation 
Fondation BOTA : Kazakhstan_Etats-Unis_Suiss,E4,inclusivité (P_I),,Degré 1,"Bornstein, A. (2026, February 4). The case of the BOTA Foundation for asset restitution analysis (R. van der Bruggen & S. Brimbeuf, Interviewers) [Personal communication]","Non, les OSC n'ont pas la possibilité de se porter candidate pour la sélection des moniteurs. ",,,Etape 4,SANS déf_bota_codification (V3 C) copy.xlsx,,,,11. critères de sélection 
